Rowname,Author,Year,Site_Description,Soil_Description,Vegetation,Thaw_Age,Thaw_Feature,Depth,Compound,Oxygen,Temperature_C,Time_d,Replicate,Cumulative_mgC_per_gSoil,Moisture,Rate_mgC_per_gSoil_day,Data_Source,Sample_Num
Waldrop_2021_PeatPlateau_CH4_Anaerobic_5C_D180_R1,Waldrop,2021,PeatPlateau,,Peat,,,ActiveLayer,CH4,Anaerobic,5,180,R1,0.770064,Wet,0.004278133,Table,1
Waldrop_2021_YoungBog_CH4_Anaerobic_5C_D180_R1,Waldrop,2021,YoungBog,,,Young,Bog,ActiveLayer,CH4,Anaerobic,5,180,R1,2.743353,Wet,0.01524085,Table,2
Waldrop_2021_IntermediateBog_CH4_Anaerobic_5C_D180_R1,Waldrop,2021,IntermediateBog,,,Intermediate,Bog,ActiveLayer,CH4,Anaerobic,5,180,R1,1.106967,Wet,0.006149817,Table,3
Waldrop_2021_OldBog_CH4_Anaerobic_5C_D180_R1,Waldrop,2021,OldBog,,,Old,Bog,ActiveLayer,CH4,Anaerobic,5,180,R1,1.171139,Wet,0.006506328,Table,4
Waldrop_2021_Sphagnic_CH4_Anaerobic_5C_D180_R1,Waldrop,2021,Sphagnic,,Sphagnum,,,ActiveLayer,CH4,Anaerobic,5,180,R1,2.56688,Wet,0.014260444,Table,5
Waldrop_2021_Fen_CH4_Anaerobic_5C_D180_R1,Waldrop,2021,Fen,,,,Fen,ActiveLayer,CH4,Anaerobic,5,180,R1,2.823568,Wet,0.015686489,Table,6
Waldrop_2021_Basal_CH4_Anaerobic_5C_D180_R1,Waldrop,2021,Basal,,,,,ActiveLayer,CH4,Anaerobic,5,180,R1,1.106967,Wet,0.006149817,Table,7
Waldrop_2021_Mineral_CH4_Anaerobic_5C_D180_R1,Waldrop,2021,Mineral,Mineral,,,,ActiveLayer,CH4,Anaerobic,5,180,R1,0.224602,Wet,0.001247789,Table,8
Waldrop_2021_PeatPlateau_CO2_Anaerobic_5C_D180_R1,Waldrop,2021,PeatPlateau,,Peat,,,ActiveLayer,CO2,Anaerobic,5,180,R1,9.41814,Wet,0.052323,Table,9
Waldrop_2021_YoungBog_CO2_Anaerobic_5C_D180_R1,Waldrop,2021,YoungBog,,,Young,,ActiveLayer,CO2,Anaerobic,5,180,R1,13.99518,Wet,0.077751,Table,10
Waldrop_2021_IntermediateBog_CO2_Anaerobic_5C_D180_R1,Waldrop,2021,IntermediateBog,,,Intermediate,,ActiveLayer,CO2,Anaerobic,5,180,R1,7.30566,Wet,0.040587,Table,11
Waldrop_2021_OldBog_CO2_Anaerobic_5C_D180_R1,Waldrop,2021,OldBog,,,Old,,ActiveLayer,CO2,Anaerobic,5,180,R1,9.99027,Wet,0.0555015,Table,12
Waldrop_2021_Sphagnic_CO2_Anaerobic_5C_D180_R1,Waldrop,2021,Sphagnic,,Sphagnum,,,ActiveLayer,CO2,Anaerobic,5,180,R1,15.31548,Wet,0.085086,Table,13
Waldrop_2021_Fen_CO2_Anaerobic_5C_D180_R1,Waldrop,2021,Fen,,,,Fen,ActiveLayer,CO2,Anaerobic,5,180,R1,15.97563,Wet,0.0887535,Table,14
Waldrop_2021_Basal_CO2_Anaerobic_5C_D180_R1,Waldrop,2021,Basal,,,,,ActiveLayer,CO2,Anaerobic,5,180,R1,5.89734,Wet,0.032763,Table,15
Waldrop_2021_Mineral_CO2_Anaerobic_5C_D180_R1,Waldrop,2021,Mineral,Mineral,,,,ActiveLayer,CO2,Anaerobic,5,180,R1,4.57704,Wet,0.025428,Table,16
Waldrop_2021_PeatPlateau_CO2_Aerobic_5C_D180_R1,Waldrop,2021,PeatPlateau,,,,,ActiveLayer,CO2,Aerobic,5,180,R1,36.57231,Wet,0.2031795,Table,17
Monteaux_2020_Permafrost_CO2_Aerobic_11C_D2_R1,Monteaux,2020,Permafrost,,,,,Permafrost,CO2,Aerobic,11,2,R1,0.01769713,Dry,0.008848565,Raw,1
Monteaux_2020_Permafrost_CO2_Aerobic_11C_D2_R2,Monteaux,2020,Permafrost,,,,,Permafrost,CO2,Aerobic,11,2,R2,0.01513861,Dry,0.007569305,Raw,2
Monteaux_2020_Permafrost_CO2_Aerobic_11C_D2_R3,Monteaux,2020,Permafrost,,,,,Permafrost,CO2,Aerobic,11,2,R3,0.01687124,Dry,0.00843562,Raw,3
Monteaux_2020_Permafrost_CO2_Aerobic_11C_D15_R4,Monteaux,2020,Permafrost,,,,,Permafrost,CO2,Aerobic,11,15,R4,0.01090749,Dry,0.000727166,Raw,4
Monteaux_2020_Permafrost_CO2_Aerobic_11C_D15_R5,Monteaux,2020,Permafrost,,,,,Permafrost,CO2,Aerobic,11,15,R5,0.0112467,Dry,0.00074978,Raw,5
Monteaux_2020_Permafrost_CO2_Aerobic_11C_D15_R6,Monteaux,2020,Permafrost,,,,,Permafrost,CO2,Aerobic,11,15,R6,0.01024906,Dry,0.000683271,Raw,6
Monteaux_2020_Permafrost_CO2_Aerobic_11C_D30_R1,Monteaux,2020,Permafrost,,,,,Permafrost,CO2,Aerobic,11,30,R1,0.00543646,Dry,0.000181215,Raw,7
Monteaux_2020_Permafrost_CO2_Aerobic_11C_D30_R2,Monteaux,2020,Permafrost,,,,,Permafrost,CO2,Aerobic,11,30,R2,0.00586817,Dry,0.000195606,Raw,8
Monteaux_2020_Permafrost_CO2_Aerobic_11C_D30_R3,Monteaux,2020,Permafrost,,,,,Permafrost,CO2,Aerobic,11,30,R3,0.0086338,Dry,0.000287793,Raw,9
Monteaux_2020_Permafrost_CO2_Aerobic_11C_D71_R4,Monteaux,2020,Permafrost,,,,,Permafrost,CO2,Aerobic,11,71,R4,0.00360468,Dry,5.08E-05,Raw,10
Monteaux_2020_Permafrost_CO2_Aerobic_11C_D71_R5,Monteaux,2020,Permafrost,,,,,Permafrost,CO2,Aerobic,11,71,R5,0.00356643,Dry,5.02E-05,Raw,11
Monteaux_2020_Permafrost_CO2_Aerobic_11C_D71_R6,Monteaux,2020,Permafrost,,,,,Permafrost,CO2,Aerobic,11,71,R6,0.00289169,Dry,4.07E-05,Raw,12
Monteaux_2020_Permafrost_CO2_Aerobic_11C_D161_R1,Monteaux,2020,Permafrost,,,,,Permafrost,CO2,Aerobic,11,161,R1,0.00163999,Dry,1.02E-05,Raw,13
Monteaux_2020_Permafrost_CO2_Aerobic_11C_D161_R2,Monteaux,2020,Permafrost,,,,,Permafrost,CO2,Aerobic,11,161,R2,0.00160814,Dry,9.99E-06,Raw,14
Monteaux_2020_Permafrost_CO2_Aerobic_11C_D161_R3,Monteaux,2020,Permafrost,,,,,Permafrost,CO2,Aerobic,11,161,R3,0.00179234,Dry,1.11E-05,Raw,15
Lee_2012_Itkillik1_CO2_Aerobic_15C_D500_R1,Lee,2012,Itkillik1,Mineral,,,,Permafrost,CO2,Aerobic,15,500,R1,2.63,Dry,0.00526,Table,1
Lee_2012_Itkillik2_CO2_Aerobic_15C_D500_R1,Lee,2012,Itkillik2,Mineral,,,,Permafrost,CO2,Aerobic,15,500,R1,3.42,Dry,0.00684,Table,2
Lee_2012_Sagavanirktok_CO2_Aerobic_15C_D500_R1,Lee,2012,Sagavanirktok,Mineral,,,,Permafrost,CO2,Aerobic,15,500,R1,1.78,Dry,0.00356,Table,3
Lee_2012_EML-mMin_CO2_Aerobic_15C_D500_R1,Lee,2012,EML-mMin,Mineral,,,,Permafrost,CO2,Aerobic,15,500,R1,2.88,Dry,0.00576,Table,4
Lee_2012_EML-mMod_CO2_Aerobic_15C_D500_R1,Lee,2012,EML-mMod,Mineral,,,,Permafrost,CO2,Aerobic,15,500,R1,1.43,Dry,0.00286,Table,5
Lee_2012_EML-mExt_CO2_Aerobic_15C_D500_R1,Lee,2012,EML-mExt,Mineral,,,,Permafrost,CO2,Aerobic,15,500,R1,2.87,Dry,0.00574,Table,6
Lee_2012_ToolikKarst_CO2_Aerobic_15C_D500_R1,Lee,2012,ToolikKarst,Mineral,,,,Permafrost,CO2,Aerobic,15,500,R1,1.33,Dry,0.00266,Table,7
Lee_2012_Fox_CO2_Aerobic_15C_D500_R1,Lee,2012,Fox,Mineral,,,,Permafrost,CO2,Aerobic,15,500,R1,1.07,Dry,0.00214,Table,8
Lee_2012_Siberia_CO2_Aerobic_15C_D500_R1,Lee,2012,Siberia,Mineral,,,,Permafrost,CO2,Aerobic,15,500,R1,1.66,Dry,0.00332,Table,9
Lee_2012_EML-oMin_CO2_Aerobic_15C_D500_R1,Lee,2012,EML-oMin,Organic,,,,Permafrost,CO2,Aerobic,15,500,R1,39.6,Dry,0.0792,Table,10
Lee_2012_EML-oMod_CO2_Aerobic_15C_D500_R1,Lee,2012,EML-oMod,Organic,,,,Permafrost,CO2,Aerobic,15,500,R1,45,Dry,0.09,Table,11
Lee_2012_EML-oExt_CO2_Aerobic_15C_D500_R1,Lee,2012,EML-oExt,Organic,,,,Permafrost,CO2,Aerobic,15,500,R1,71.89,Dry,0.14378,Table,12
Lee_2012_Itkillik1_CO2_Anaerobic_15C_D500_R1,Lee,2012,Itkillik1,Mineral,,,,Permafrost,CO2,Anaerobic,15,500,R1,0.46,Dry,0.00092,Table,13
Lee_2012_Itkillik2_CO2_Anaerobic_15C_D500_R1,Lee,2012,Itkillik2,Mineral,,,,Permafrost,CO2,Anaerobic,15,500,R1,0.42,Dry,0.00084,Table,14
Lee_2012_Sagavanirktok_CO2_Anaerobic_15C_D500_R1,Lee,2012,Sagavanirktok,Mineral,,,,Permafrost,CO2,Anaerobic,15,500,R1,0.21,Dry,0.00042,Table,15
Lee_2012_EML-mMin_CO2_Anaerobic_15C_D500_R1,Lee,2012,EML-mMin,Mineral,,,,Permafrost,CO2,Anaerobic,15,500,R1,0.5,Dry,0.001,Table,16
Lee_2012_EML-mMod_CO2_Anaerobic_15C_D500_R1,Lee,2012,EML-mMod,Mineral,,,,Permafrost,CO2,Anaerobic,15,500,R1,0.23,Dry,0.00046,Table,17
Lee_2012_EML-mExt_CO2_Anaerobic_15C_D500_R1,Lee,2012,EML-mExt,Mineral,,,,Permafrost,CO2,Anaerobic,15,500,R1,0.44,Dry,0.00088,Table,18
Lee_2012_ToolikKarst_CO2_Anaerobic_15C_D500_R1,Lee,2012,ToolikKarst,Mineral,,,,Permafrost,CO2,Anaerobic,15,500,R1,0.16,Dry,0.00032,Table,19
Lee_2012_Fox_CO2_Anaerobic_15C_D500_R1,Lee,2012,Fox,Mineral,,,,Permafrost,CO2,Anaerobic,15,500,R1,0.27,Dry,0.00054,Table,20
Lee_2012_Siberia_CO2_Anaerobic_15C_D500_R1,Lee,2012,Siberia,Mineral,,,,Permafrost,CO2,Anaerobic,15,500,R1,0.41,Dry,0.00082,Table,21
Lee_2012_EML-oMin_CO2_Anaerobic_15C_D500_R1,Lee,2012,EML-oMin,Organic,,,,Permafrost,CO2,Anaerobic,15,500,R1,5.85,Dry,0.0117,Table,22
Lee_2012_EML-oMod_CO2_Anaerobic_15C_D500_R1,Lee,2012,EML-oMod,Organic,,,,Permafrost,CO2,Anaerobic,15,500,R1,6.14,Dry,0.01228,Table,23
Lee_2012_EML-oExt_CO2_Anaerobic_15C_D500_R1,Lee,2012,EML-oExt,Organic,,,,Permafrost,CO2,Anaerobic,15,500,R1,7.04,Dry,0.01408,Table,24
Lee_2012_Itkillik1_CH4_Anaerobic_15C_D500_R1,Lee,2012,Itkillik1,Mineral,,,,Permafrost,CH4,Anaerobic,15,500,R1,0.0428,Dry,0.0000856,Table,25
Lee_2012_Itkillik2_CH4_Anaerobic_15C_D500_R1,Lee,2012,Itkillik2,Mineral,,,,Permafrost,CH4,Anaerobic,15,500,R1,0.1162,Dry,0.0002324,Table,26
Lee_2012_Sagavanirktok_CH4_Anaerobic_15C_D500_R1,Lee,2012,Sagavanirktok,Mineral,,,,Permafrost,CH4,Anaerobic,15,500,R1,0.0443,Dry,0.0000886,Table,27
Lee_2012_EML-mMin_CH4_Anaerobic_15C_D500_R1,Lee,2012,EML-mMin,Mineral,,,,Permafrost,CH4,Anaerobic,15,500,R1,0.0132,Dry,0.0000264,Table,28
Lee_2012_EML-mMod_CH4_Anaerobic_15C_D500_R1,Lee,2012,EML-mMod,Mineral,,,,Permafrost,CH4,Anaerobic,15,500,R1,0.0078,Dry,0.0000156,Table,29
Lee_2012_EML-mExt_CH4_Anaerobic_15C_D500_R1,Lee,2012,EML-mExt,Mineral,,,,Permafrost,CH4,Anaerobic,15,500,R1,0.0063,Dry,0.0000126,Table,30
Lee_2012_ToolikKarst_CH4_Anaerobic_15C_D500_R1,Lee,2012,ToolikKarst,Mineral,,,,Permafrost,CH4,Anaerobic,15,500,R1,0.0006,Dry,0.0000012,Table,31
Lee_2012_Fox_CH4_Anaerobic_15C_D500_R1,Lee,2012,Fox,Mineral,,,,Permafrost,CH4,Anaerobic,15,500,R1,0.0008,Dry,0.0000016,Table,32
Lee_2012_Siberia_CH4_Anaerobic_15C_D500_R1,Lee,2012,Siberia,Mineral,,,,Permafrost,CH4,Anaerobic,15,500,R1,0.0007,Dry,0.0000014,Table,33
Lee_2012_EML-oMin_CH4_Anaerobic_15C_D500_R1,Lee,2012,EML-oMin,Organic,,,,Permafrost,CH4,Anaerobic,15,500,R1,0.5862,Dry,0.0011724,Table,34
Lee_2012_EML-oMod_CH4_Anaerobic_15C_D500_R1,Lee,2012,EML-oMod,Organic,,,,Permafrost,CH4,Anaerobic,15,500,R1,0.5353,Dry,0.0010706,Table,35
Lee_2012_EML-oExt_CH4_Anaerobic_15C_D500_R1,Lee,2012,EML-oExt,Organic,,,,Permafrost,CH4,Anaerobic,15,500,R1,0.1749,Dry,0.0003498,Table,36
RoyChowdhury_2014_CenterOrganic_CO2_Anaerobic_8C_D7_R1,RoyChowdhury,2014,CenterOrganic,Organic,,,,ActiveLayer,CO2,Anaerobic,8,7,R1,9.149679,Wet,1.307097,Table,1
RoyChowdhury_2014_CenterOrganic_CO2_Anaerobic_4C_D7_R1,RoyChowdhury,2014,CenterOrganic,Organic,,,,ActiveLayer,CO2,Anaerobic,4,7,R1,6.253821,Wet,0.893403,Table,2
RoyChowdhury_2014_CenterOrganic_CO2_Anaerobic_-2C_D7_R1,RoyChowdhury,2014,CenterOrganic,Organic,,,,ActiveLayer,CO2,Anaerobic,-2,7,R1,3.234735,Wet,0.462105,Table,3
RoyChowdhury_2014_CenterMineral_CO2_Anaerobic_8C_D7_R1,RoyChowdhury,2014,CenterMineral,Mineral,,,,ActiveLayer,CO2,Anaerobic,8,7,R1,0.338877,Wet,0.048411,Table,4
RoyChowdhury_2014_CenterMineral_CO2_Anaerobic_4C_D7_R1,RoyChowdhury,2014,CenterMineral,Mineral,,,,ActiveLayer,CO2,Anaerobic,4,7,R1,0.2094876,Wet,0.0299268,Table,5
RoyChowdhury_2014_CenterMineral_CO2_Anaerobic_-2C_D7_R1,RoyChowdhury,2014,CenterMineral,Mineral,,,,ActiveLayer,CO2,Anaerobic,-2,7,R1,0.1478736,Wet,0.0211248,Table,6
RoyChowdhury_2014_CenterPermafrost_CO2_Anaerobic_8C_D7_R1,RoyChowdhury,2014,CenterPermafrost,,,,,Permafrost,CO2,Anaerobic,8,7,R1,0.1293894,Wet,0.0184842,Table,7
RoyChowdhury_2014_CenterPermafrost_CO2_Anaerobic_4C_D7_R1,RoyChowdhury,2014,CenterPermafrost,,,,,Permafrost,CO2,Anaerobic,4,7,R1,0.1078245,Wet,0.0154035,Table,8
RoyChowdhury_2014_CenterPermafrost_CO2_Anaerobic_-2C_D7_R1,RoyChowdhury,2014,CenterPermafrost,,,,,Permafrost,CO2,Anaerobic,-2,7,R1,0.0831789,Wet,0.0118827,Table,9
RoyChowdhury_2014_RidgeOrganic_CO2_Anaerobic_8C_D7_R1,RoyChowdhury,2014,RidgeOrganic,Organic,,,,ActiveLayer,CO2,Anaerobic,8,7,R1,1.6789815,Wet,0.2398545,Table,10
RoyChowdhury_2014_RidgeOrganic_CO2_Anaerobic_4C_D7_R1,RoyChowdhury,2014,RidgeOrganic,Organic,,,,ActiveLayer,CO2,Anaerobic,4,7,R1,1.2230379,Wet,0.1747197,Table,11
RoyChowdhury_2014_RidgeOrganic_CO2_Anaerobic_-2C_D7_R1,RoyChowdhury,2014,RidgeOrganic,Organic,,,,ActiveLayer,CO2,Anaerobic,-2,7,R1,0.3974103,Wet,0.0567729,Table,12
RoyChowdhury_2014_RidgeMineral_CO2_Anaerobic_8C_D7_R1,RoyChowdhury,2014,RidgeMineral,Mineral,,,,ActiveLayer,CO2,Anaerobic,8,7,R1,0.1139859,Wet,0.0162837,Table,13
RoyChowdhury_2014_RidgeMineral_CO2_Anaerobic_4C_D7_R1,RoyChowdhury,2014,RidgeMineral,Mineral,,,,ActiveLayer,CO2,Anaerobic,4,7,R1,0.0677754,Wet,0.0096822,Table,14
RoyChowdhury_2014_RidgeMineral_CO2_Anaerobic_-2C_D7_R1,RoyChowdhury,2014,RidgeMineral,Mineral,,,,ActiveLayer,CO2,Anaerobic,-2,7,R1,0.0184842,Wet,0.0026406,Table,15
RoyChowdhury_2014_TroughOrganic_CO2_Anaerobic_8C_D7_R1,RoyChowdhury,2014,TroughOrganic,Organic,,,,ActiveLayer,CO2,Anaerobic,8,7,R1,2.4861249,Wet,0.3551607,Table,16
RoyChowdhury_2014_TroughOrganic_CO2_Anaerobic_4C_D7_R1,RoyChowdhury,2014,TroughOrganic,Organic,,,,ActiveLayer,CO2,Anaerobic,4,7,R1,1.1244555,Wet,0.1606365,Table,17
RoyChowdhury_2014_TroughOrganic_CO2_Anaerobic_-2C_D7_R1,RoyChowdhury,2014,TroughOrganic,Organic,,,,ActiveLayer,CO2,Anaerobic,-2,7,R1,0.3481191,Wet,0.0497313,Table,18
RoyChowdhury_2014_TroughMineral_CO2_Anaerobic_8C_D7_R1,RoyChowdhury,2014,TroughMineral,Mineral,,,,ActiveLayer,CO2,Anaerobic,8,7,R1,0.1601964,Wet,0.0228852,Table,19
RoyChowdhury_2014_TroughMineral_CO2_Anaerobic_4C_D7_R1,RoyChowdhury,2014,TroughMineral,Mineral,,,,ActiveLayer,CO2,Anaerobic,4,7,R1,0.0770175,Wet,0.0110025,Table,20
RoyChowdhury_2014_TroughMineral_CO2_Anaerobic_-2C_D7_R1,RoyChowdhury,2014,TroughMineral,Mineral,,,,ActiveLayer,CO2,Anaerobic,-2,7,R1,0,Wet,0,Table,21
RoyChowdhury_2014_CenterOrganic_CH4_Anaerobic_8C_D7_R1,RoyChowdhury,2014,CenterOrganic,Organic,,,,ActiveLayer,CH4,Anaerobic,8,7,R1,0.25941531,Wet,0.03705933,Table,22
RoyChowdhury_2014_CenterOrganic_CH4_Anaerobic_4C_D7_R1,RoyChowdhury,2014,CenterOrganic,Organic,,,,ActiveLayer,CH4,Anaerobic,4,7,R1,0.19540374,Wet,0.02791482,Table,23
RoyChowdhury_2014_CenterOrganic_CH4_Anaerobic_-2C_D7_R1,RoyChowdhury,2014,CenterOrganic,Organic,,,,ActiveLayer,CH4,Anaerobic,-2,7,R1,0.00786107,Wet,0.00112301,Table,24
RoyChowdhury_2014_CenterMineral_CH4_Anaerobic_8C_D7_R1,RoyChowdhury,2014,CenterMineral,Mineral,,,,ActiveLayer,CH4,Anaerobic,8,7,R1,0.00336903,Wet,0.00048129,Table,25
RoyChowdhury_2014_CenterMineral_CH4_Anaerobic_4C_D7_R1,RoyChowdhury,2014,CenterMineral,Mineral,,,,ActiveLayer,CH4,Anaerobic,4,7,R1,0.00112301,Wet,0.00016043,Table,26
RoyChowdhury_2014_CenterMineral_CH4_Anaerobic_-2C_D7_R1,RoyChowdhury,2014,CenterMineral,Mineral,,,,ActiveLayer,CH4,Anaerobic,-2,7,R1,0.00224602,Wet,0.00032086,Table,27
RoyChowdhury_2014_CenterPermafrost_CH4_Anaerobic_8C_D7_R1,RoyChowdhury,2014,CenterPermafrost,,,,,Permafrost,CH4,Anaerobic,8,7,R1,0.000112301,Wet,0.000016043,Table,28
RoyChowdhury_2014_CenterPermafrost_CH4_Anaerobic_4C_D7_R1,RoyChowdhury,2014,CenterPermafrost,,,,,Permafrost,CH4,Anaerobic,4,7,R1,0.000112301,Wet,0.000016043,Table,29
RoyChowdhury_2014_CenterPermafrost_CH4_Anaerobic_-2C_D7_R1,RoyChowdhury,2014,CenterPermafrost,,,,,Permafrost,CH4,Anaerobic,-2,7,R1,1.12E-05,Wet,1.60E-06,Table,30
RoyChowdhury_2014_RidgeOrganic_CH4_Anaerobic_8C_D7_R1,RoyChowdhury,2014,RidgeOrganic,Organic,,,,ActiveLayer,CH4,Anaerobic,8,7,R1,0.01010709,Wet,0.00144387,Table,31
RoyChowdhury_2014_RidgeOrganic_CH4_Anaerobic_4C_D7_R1,RoyChowdhury,2014,RidgeOrganic,Organic,,,,ActiveLayer,CH4,Anaerobic,4,7,R1,0.00224602,Wet,0.00032086,Table,32
RoyChowdhury_2014_RidgeOrganic_CH4_Anaerobic_-2C_D7_R1,RoyChowdhury,2014,RidgeOrganic,Organic,,,,ActiveLayer,CH4,Anaerobic,-2,7,R1,0,Wet,0,Table,33
RoyChowdhury_2014_RidgeMineral_CH4_Anaerobic_8C_D7_R1,RoyChowdhury,2014,RidgeMineral,Mineral,,,,ActiveLayer,CH4,Anaerobic,8,7,R1,0.00561505,Wet,0.00080215,Table,34
RoyChowdhury_2014_RidgeMineral_CH4_Anaerobic_4C_D7_R1,RoyChowdhury,2014,RidgeMineral,Mineral,,,,ActiveLayer,CH4,Anaerobic,4,7,R1,0.00336903,Wet,0.00048129,Table,35
RoyChowdhury_2014_RidgeMineral_CH4_Anaerobic_-2C_D7_R1,RoyChowdhury,2014,RidgeMineral,Mineral,,,,ActiveLayer,CH4,Anaerobic,-2,7,R1,0,Wet,0,Table,36
RoyChowdhury_2014_TroughOrganic_CH4_Anaerobic_8C_D7_R1,RoyChowdhury,2014,TroughOrganic,Organic,,,,ActiveLayer,CH4,Anaerobic,8,7,R1,0.00898408,Wet,0.00128344,Table,37
RoyChowdhury_2014_TroughOrganic_CH4_Anaerobic_4C_D7_R1,RoyChowdhury,2014,TroughOrganic,Organic,,,,ActiveLayer,CH4,Anaerobic,4,7,R1,0.00336903,Wet,0.00048129,Table,38
RoyChowdhury_2014_TroughOrganic_CH4_Anaerobic_-2C_D7_R1,RoyChowdhury,2014,TroughOrganic,Organic,,,,ActiveLayer,CH4,Anaerobic,-2,7,R1,0,Wet,0,Table,39
RoyChowdhury_2014_TroughMineral_CH4_Anaerobic_8C_D7_R1,RoyChowdhury,2014,TroughMineral,Mineral,,,,ActiveLayer,CH4,Anaerobic,8,7,R1,0.00449204,Wet,0.00064172,Table,40
RoyChowdhury_2014_TroughMineral_CH4_Anaerobic_4C_D7_R1,RoyChowdhury,2014,TroughMineral,Mineral,,,,ActiveLayer,CH4,Anaerobic,4,7,R1,0,Wet,0,Table,41
RoyChowdhury_2014_TroughMineral_CH4_Anaerobic_-2C_D7_R1,RoyChowdhury,2014,TroughMineral,Mineral,,,,ActiveLayer,CH4,Anaerobic,-2,7,R1,0,Wet,0,Table,42
Trubl_2021_APEX_CO2_Anaerobic_-1C_D2_R1,Trubl,2021,APEX,,,,,ActiveLayer,CO2,Anaerobic,-1,2,R1,-0.001,Wet,-0.0005,Raw,1
Trubl_2021_APEX_CO2_Anaerobic_-1C_D2_R2,Trubl,2021,APEX,,,,,ActiveLayer,CO2,Anaerobic,-1,2,R2,-0.001,Wet,-0.0005,Raw,2
Trubl_2021_APEX_CO2_Anaerobic_-1C_D2_R3,Trubl,2021,APEX,,,,,ActiveLayer,CO2,Anaerobic,-1,2,R3,-0.001,Wet,-0.0005,Raw,3
Trubl_2021_APEX_CO2_Anaerobic_-20C_D2_R1,Trubl,2021,APEX,,,,,ActiveLayer,CO2,Anaerobic,-20,2,R1,-0.02,Wet,-0.01,Raw,4
Trubl_2021_APEX_CO2_Anaerobic_-20C_D2_R2,Trubl,2021,APEX,,,,,ActiveLayer,CO2,Anaerobic,-20,2,R2,-0.02,Wet,-0.01,Raw,5
Trubl_2021_APEX_CO2_Anaerobic_-20C_D2_R3,Trubl,2021,APEX,,,,,ActiveLayer,CO2,Anaerobic,-20,2,R3,-0.02,Wet,-0.01,Raw,6
Trubl_2021_APEX_CO2_Anaerobic_-1C_D20_R1,Trubl,2021,APEX,,,,,ActiveLayer,CO2,Anaerobic,-1,20,R1,-0.001,Wet,-0.00005,Raw,7
Trubl_2021_APEX_CO2_Anaerobic_-1C_D20_R2,Trubl,2021,APEX,,,,,ActiveLayer,CO2,Anaerobic,-1,20,R2,-0.001,Wet,-0.00005,Raw,8
Trubl_2021_APEX_CO2_Anaerobic_-1C_D20_R3,Trubl,2021,APEX,,,,,ActiveLayer,CO2,Anaerobic,-1,20,R3,-0.001,Wet,-0.00005,Raw,9
Trubl_2021_APEX_CO2_Anaerobic_-20C_D20_R1,Trubl,2021,APEX,,,,,ActiveLayer,CO2,Anaerobic,-20,20,R1,-0.02,Wet,-0.001,Raw,10
Trubl_2021_APEX_CO2_Anaerobic_-20C_D20_R2,Trubl,2021,APEX,,,,,ActiveLayer,CO2,Anaerobic,-20,20,R2,-0.02,Wet,-0.001,Raw,11
Trubl_2021_APEX_CO2_Anaerobic_-20C_D20_R3,Trubl,2021,APEX,,,,,ActiveLayer,CO2,Anaerobic,-20,20,R3,-0.02,Wet,-0.001,Raw,12
Trubl_2021_APEX_CO2_Anaerobic_-1C_D34_R1,Trubl,2021,APEX,,,,,ActiveLayer,CO2,Anaerobic,-1,34,R1,-0.001,Wet,-2.94E-05,Raw,13
Trubl_2021_APEX_CO2_Anaerobic_-1C_D34_R2,Trubl,2021,APEX,,,,,ActiveLayer,CO2,Anaerobic,-1,34,R2,-0.001,Wet,-2.94E-05,Raw,14
Trubl_2021_APEX_CO2_Anaerobic_-1C_D34_R3,Trubl,2021,APEX,,,,,ActiveLayer,CO2,Anaerobic,-1,34,R3,-0.001,Wet,-2.94E-05,Raw,15
Trubl_2021_APEX_CO2_Anaerobic_-20C_D34_R1,Trubl,2021,APEX,,,,,ActiveLayer,CO2,Anaerobic,-20,34,R1,-0.02,Wet,-0.000588235,Raw,16
Trubl_2021_APEX_CO2_Anaerobic_-20C_D34_R2,Trubl,2021,APEX,,,,,ActiveLayer,CO2,Anaerobic,-20,34,R2,-0.02,Wet,-0.000588235,Raw,17
Trubl_2021_APEX_CO2_Anaerobic_-20C_D34_R3,Trubl,2021,APEX,,,,,ActiveLayer,CO2,Anaerobic,-20,34,R3,-0.02,Wet,-0.000588235,Raw,18
Trubl_2021_APEX_CO2_Anaerobic_-1C_D63_R1,Trubl,2021,APEX,,,,,ActiveLayer,CO2,Anaerobic,-1,63,R1,-0.001,Wet,-1.59E-05,Raw,19
Trubl_2021_APEX_CO2_Anaerobic_-1C_D63_R2,Trubl,2021,APEX,,,,,ActiveLayer,CO2,Anaerobic,-1,63,R2,-0.001,Wet,-1.59E-05,Raw,20
Trubl_2021_APEX_CO2_Anaerobic_-1C_D63_R3,Trubl,2021,APEX,,,,,ActiveLayer,CO2,Anaerobic,-1,63,R3,-0.001,Wet,-1.59E-05,Raw,21
Trubl_2021_APEX_CO2_Anaerobic_-20C_D63_R1,Trubl,2021,APEX,,,,,ActiveLayer,CO2,Anaerobic,-20,63,R1,-0.02,Wet,-0.00031746,Raw,22
Trubl_2021_APEX_CO2_Anaerobic_-20C_D63_R2,Trubl,2021,APEX,,,,,ActiveLayer,CO2,Anaerobic,-20,63,R2,-0.02,Wet,-0.00031746,Raw,23
Trubl_2021_APEX_CO2_Anaerobic_-20C_D63_R3,Trubl,2021,APEX,,,,,ActiveLayer,CO2,Anaerobic,-20,63,R3,-0.02,Wet,-0.00031746,Raw,24
Trubl_2021_APEX_CO2_Anaerobic_-1C_D99_R1,Trubl,2021,APEX,,,,,ActiveLayer,CO2,Anaerobic,-1,99,R1,-0.001,Wet,-1.01E-05,Raw,25
Trubl_2021_APEX_CO2_Anaerobic_-1C_D99_R2,Trubl,2021,APEX,,,,,ActiveLayer,CO2,Anaerobic,-1,99,R2,-0.001,Wet,-1.01E-05,Raw,26
Trubl_2021_APEX_CO2_Anaerobic_-1C_D99_R3,Trubl,2021,APEX,,,,,ActiveLayer,CO2,Anaerobic,-1,99,R3,-0.001,Wet,-1.01E-05,Raw,27
Trubl_2021_APEX_CO2_Anaerobic_-20C_D99_R1,Trubl,2021,APEX,,,,,ActiveLayer,CO2,Anaerobic,-20,99,R1,-0.02,Wet,-0.00020202,Raw,28
Trubl_2021_APEX_CO2_Anaerobic_-20C_D99_R2,Trubl,2021,APEX,,,,,ActiveLayer,CO2,Anaerobic,-20,99,R2,-0.02,Wet,-0.00020202,Raw,29
Trubl_2021_APEX_CO2_Anaerobic_-20C_D99_R3,Trubl,2021,APEX,,,,,ActiveLayer,CO2,Anaerobic,-20,99,R3,-0.02,Wet,-0.00020202,Raw,30
Trubl_2021_APEX_CO2_Anaerobic_-1C_D140_R1,Trubl,2021,APEX,,,,,ActiveLayer,CO2,Anaerobic,-1,140,R1,-0.001,Wet,-7.14E-06,Raw,31
Trubl_2021_APEX_CO2_Anaerobic_-1C_D140_R2,Trubl,2021,APEX,,,,,ActiveLayer,CO2,Anaerobic,-1,140,R2,-0.001,Wet,-7.14E-06,Raw,32
Trubl_2021_APEX_CO2_Anaerobic_-1C_D140_R3,Trubl,2021,APEX,,,,,ActiveLayer,CO2,Anaerobic,-1,140,R3,-0.001,Wet,-7.14E-06,Raw,33
Trubl_2021_APEX_CO2_Anaerobic_-20C_D140_R1,Trubl,2021,APEX,,,,,ActiveLayer,CO2,Anaerobic,-20,140,R1,-0.02,Wet,-0.000142857,Raw,34
Trubl_2021_APEX_CO2_Anaerobic_-20C_D140_R2,Trubl,2021,APEX,,,,,ActiveLayer,CO2,Anaerobic,-20,140,R2,-0.02,Wet,-0.000142857,Raw,35
Trubl_2021_APEX_CO2_Anaerobic_-20C_D140_R3,Trubl,2021,APEX,,,,,ActiveLayer,CO2,Anaerobic,-20,140,R3,-0.02,Wet,-0.000142857,Raw,36
Trubl_2021_APEX_CO2_Anaerobic_-1C_D163_R1,Trubl,2021,APEX,,,,,ActiveLayer,CO2,Anaerobic,-1,163,R1,-0.001,Wet,-6.13E-06,Raw,37
Trubl_2021_APEX_CO2_Anaerobic_-1C_D163_R2,Trubl,2021,APEX,,,,,ActiveLayer,CO2,Anaerobic,-1,163,R2,-0.001,Wet,-6.13E-06,Raw,38
Trubl_2021_APEX_CO2_Anaerobic_-1C_D163_R3,Trubl,2021,APEX,,,,,ActiveLayer,CO2,Anaerobic,-1,163,R3,-0.001,Wet,-6.13E-06,Raw,39
Trubl_2021_APEX_CO2_Anaerobic_-20C_D163_R1,Trubl,2021,APEX,,,,,ActiveLayer,CO2,Anaerobic,-20,163,R1,-0.02,Wet,-0.000122699,Raw,40
Trubl_2021_APEX_CO2_Anaerobic_-20C_D163_R2,Trubl,2021,APEX,,,,,ActiveLayer,CO2,Anaerobic,-20,163,R2,-0.02,Wet,-0.000122699,Raw,41
Trubl_2021_APEX_CO2_Anaerobic_-20C_D163_R3,Trubl,2021,APEX,,,,,ActiveLayer,CO2,Anaerobic,-20,163,R3,-0.02,Wet,-0.000122699,Raw,42
Trubl_2021_APEX_CO2_Anaerobic_-1C_D184_R1,Trubl,2021,APEX,,,,,ActiveLayer,CO2,Anaerobic,-1,184,R1,-0.001,Wet,-5.43E-06,Raw,43
Trubl_2021_APEX_CO2_Anaerobic_-1C_D184_R2,Trubl,2021,APEX,,,,,ActiveLayer,CO2,Anaerobic,-1,184,R2,-0.001,Wet,-5.43E-06,Raw,44
Trubl_2021_APEX_CO2_Anaerobic_-1C_D184_R3,Trubl,2021,APEX,,,,,ActiveLayer,CO2,Anaerobic,-1,184,R3,-0.001,Wet,-5.43E-06,Raw,45
Trubl_2021_APEX_CO2_Anaerobic_-20C_D184_R1,Trubl,2021,APEX,,,,,ActiveLayer,CO2,Anaerobic,-20,184,R1,-0.02,Wet,-0.000108696,Raw,46
Trubl_2021_APEX_CO2_Anaerobic_-20C_D184_R2,Trubl,2021,APEX,,,,,ActiveLayer,CO2,Anaerobic,-20,184,R2,-0.02,Wet,-0.000108696,Raw,47
Trubl_2021_APEX_CO2_Anaerobic_-20C_D184_R3,Trubl,2021,APEX,,,,,ActiveLayer,CO2,Anaerobic,-20,184,R3,-0.02,Wet,-0.000108696,Raw,48
Trubl_2021_APEX_CO2_Anaerobic_-1C_D307_R1,Trubl,2021,APEX,,,,,ActiveLayer,CO2,Anaerobic,-1,307,R1,-0.001,Wet,-3.26E-06,Raw,49
Trubl_2021_APEX_CO2_Anaerobic_-1C_D307_R2,Trubl,2021,APEX,,,,,ActiveLayer,CO2,Anaerobic,-1,307,R2,-0.001,Wet,-3.26E-06,Raw,50
Trubl_2021_APEX_CO2_Anaerobic_-1C_D307_R3,Trubl,2021,APEX,,,,,ActiveLayer,CO2,Anaerobic,-1,307,R3,-0.001,Wet,-3.26E-06,Raw,51
Trubl_2021_APEX_CO2_Anaerobic_-20C_D307_R1,Trubl,2021,APEX,,,,,ActiveLayer,CO2,Anaerobic,-20,307,R1,-0.02,Wet,-6.51E-05,Raw,52
Trubl_2021_APEX_CO2_Anaerobic_-20C_D307_R2,Trubl,2021,APEX,,,,,ActiveLayer,CO2,Anaerobic,-20,307,R2,-0.02,Wet,-6.51E-05,Raw,53
Trubl_2021_APEX_CO2_Anaerobic_-20C_D307_R3,Trubl,2021,APEX,,,,,ActiveLayer,CO2,Anaerobic,-20,307,R3,-0.02,Wet,-6.51E-05,Raw,54
Trubl_2021_APEX_CO2_Anaerobic_-1C_D370_R1,Trubl,2021,APEX,,,,,ActiveLayer,CO2,Anaerobic,-1,370,R1,-0.001,Wet,-2.70E-06,Raw,55
Trubl_2021_APEX_CO2_Anaerobic_-1C_D370_R2,Trubl,2021,APEX,,,,,ActiveLayer,CO2,Anaerobic,-1,370,R2,-0.001,Wet,-2.70E-06,Raw,56
Trubl_2021_APEX_CO2_Anaerobic_-1C_D370_R3,Trubl,2021,APEX,,,,,ActiveLayer,CO2,Anaerobic,-1,370,R3,-0.001,Wet,-2.70E-06,Raw,57
Trubl_2021_APEX_CO2_Anaerobic_-20C_D370_R1,Trubl,2021,APEX,,,,,ActiveLayer,CO2,Anaerobic,-20,370,R1,-0.02,Wet,-5.41E-05,Raw,58
Trubl_2021_APEX_CO2_Anaerobic_-20C_D370_R2,Trubl,2021,APEX,,,,,ActiveLayer,CO2,Anaerobic,-20,370,R2,-0.02,Wet,-5.41E-05,Raw,59
Trubl_2021_APEX_CO2_Anaerobic_-20C_D370_R3,Trubl,2021,APEX,,,,,ActiveLayer,CO2,Anaerobic,-20,370,R3,-0.02,Wet,-5.41E-05,Raw,60
Trubl_2021_APEX_CH4_Anaerobic_-1C_D2_R1,Trubl,2021,APEX,,,,,ActiveLayer,CH4,Anaerobic,-1,2,R1,-0.00007,Wet,-0.000035,Raw,61
Trubl_2021_APEX_CH4_Anaerobic_-1C_D2_R2,Trubl,2021,APEX,,,,,ActiveLayer,CH4,Anaerobic,-1,2,R2,0,Wet,0,Raw,62
Trubl_2021_APEX_CH4_Anaerobic_-1C_D2_R3,Trubl,2021,APEX,,,,,ActiveLayer,CH4,Anaerobic,-1,2,R3,0.00097,Wet,0.000485,Raw,63
Trubl_2021_APEX_CH4_Anaerobic_-20C_D2_R1,Trubl,2021,APEX,,,,,ActiveLayer,CH4,Anaerobic,-20,2,R1,0.00055,Wet,0.000275,Raw,64
Trubl_2021_APEX_CH4_Anaerobic_-20C_D2_R2,Trubl,2021,APEX,,,,,ActiveLayer,CH4,Anaerobic,-20,2,R2,0,Wet,0,Raw,65
Trubl_2021_APEX_CH4_Anaerobic_-20C_D2_R3,Trubl,2021,APEX,,,,,ActiveLayer,CH4,Anaerobic,-20,2,R3,0.00063,Wet,0.000315,Raw,66
Trubl_2021_APEX_CH4_Anaerobic_-1C_D20_R1,Trubl,2021,APEX,,,,,ActiveLayer,CH4,Anaerobic,-1,20,R1,0.00766,Wet,0.000383,Raw,67
Trubl_2021_APEX_CH4_Anaerobic_-1C_D20_R2,Trubl,2021,APEX,,,,,ActiveLayer,CH4,Anaerobic,-1,20,R2,0.00582,Wet,0.000291,Raw,68
Trubl_2021_APEX_CH4_Anaerobic_-1C_D20_R3,Trubl,2021,APEX,,,,,ActiveLayer,CH4,Anaerobic,-1,20,R3,0.01474,Wet,0.000737,Raw,69
Trubl_2021_APEX_CH4_Anaerobic_-20C_D20_R1,Trubl,2021,APEX,,,,,ActiveLayer,CH4,Anaerobic,-20,20,R1,0.00082,Wet,0.000041,Raw,70
Trubl_2021_APEX_CH4_Anaerobic_-20C_D20_R2,Trubl,2021,APEX,,,,,ActiveLayer,CH4,Anaerobic,-20,20,R2,0,Wet,0,Raw,71
Trubl_2021_APEX_CH4_Anaerobic_-20C_D20_R3,Trubl,2021,APEX,,,,,ActiveLayer,CH4,Anaerobic,-20,20,R3,0.00133,Wet,0.0000665,Raw,72
Trubl_2021_APEX_CH4_Anaerobic_-1C_D34_R1,Trubl,2021,APEX,,,,,ActiveLayer,CH4,Anaerobic,-1,34,R1,0.02055,Wet,0.000604412,Raw,73
Trubl_2021_APEX_CH4_Anaerobic_-1C_D34_R2,Trubl,2021,APEX,,,,,ActiveLayer,CH4,Anaerobic,-1,34,R2,0.01614,Wet,0.000474706,Raw,74
Trubl_2021_APEX_CH4_Anaerobic_-1C_D34_R3,Trubl,2021,APEX,,,,,ActiveLayer,CH4,Anaerobic,-1,34,R3,0.03069,Wet,0.000902647,Raw,75
Trubl_2021_APEX_CH4_Anaerobic_-20C_D34_R1,Trubl,2021,APEX,,,,,ActiveLayer,CH4,Anaerobic,-20,34,R1,0.00094,Wet,2.76E-05,Raw,76
Trubl_2021_APEX_CH4_Anaerobic_-20C_D34_R2,Trubl,2021,APEX,,,,,ActiveLayer,CH4,Anaerobic,-20,34,R2,0,Wet,0,Raw,77
Trubl_2021_APEX_CH4_Anaerobic_-20C_D34_R3,Trubl,2021,APEX,,,,,ActiveLayer,CH4,Anaerobic,-20,34,R3,0.00152,Wet,4.47E-05,Raw,78
Trubl_2021_APEX_CH4_Anaerobic_-1C_D63_R1,Trubl,2021,APEX,,,,,ActiveLayer,CH4,Anaerobic,-1,63,R1,0.03043,Wet,0.000483016,Raw,79
Trubl_2021_APEX_CH4_Anaerobic_-1C_D63_R2,Trubl,2021,APEX,,,,,ActiveLayer,CH4,Anaerobic,-1,63,R2,0.02338,Wet,0.000371111,Raw,80
Trubl_2021_APEX_CH4_Anaerobic_-1C_D63_R3,Trubl,2021,APEX,,,,,ActiveLayer,CH4,Anaerobic,-1,63,R3,0.04695,Wet,0.000745238,Raw,81
Trubl_2021_APEX_CH4_Anaerobic_-20C_D63_R1,Trubl,2021,APEX,,,,,ActiveLayer,CH4,Anaerobic,-20,63,R1,0,Wet,0,Raw,82
Trubl_2021_APEX_CH4_Anaerobic_-20C_D63_R2,Trubl,2021,APEX,,,,,ActiveLayer,CH4,Anaerobic,-20,63,R2,0,Wet,0,Raw,83
Trubl_2021_APEX_CH4_Anaerobic_-20C_D63_R3,Trubl,2021,APEX,,,,,ActiveLayer,CH4,Anaerobic,-20,63,R3,0.00136,Wet,2.16E-05,Raw,84
Trubl_2021_APEX_CH4_Anaerobic_-1C_D99_R1,Trubl,2021,APEX,,,,,ActiveLayer,CH4,Anaerobic,-1,99,R1,0.04122,Wet,0.000416364,Raw,85
Trubl_2021_APEX_CH4_Anaerobic_-1C_D99_R2,Trubl,2021,APEX,,,,,ActiveLayer,CH4,Anaerobic,-1,99,R2,0.02369,Wet,0.000239293,Raw,86
Trubl_2021_APEX_CH4_Anaerobic_-1C_D99_R3,Trubl,2021,APEX,,,,,ActiveLayer,CH4,Anaerobic,-1,99,R3,0.06637,Wet,0.000670404,Raw,87
Trubl_2021_APEX_CH4_Anaerobic_-20C_D99_R1,Trubl,2021,APEX,,,,,ActiveLayer,CH4,Anaerobic,-20,99,R1,0.00116,Wet,1.17E-05,Raw,88
Trubl_2021_APEX_CH4_Anaerobic_-20C_D99_R2,Trubl,2021,APEX,,,,,ActiveLayer,CH4,Anaerobic,-20,99,R2,0,Wet,0,Raw,89
Trubl_2021_APEX_CH4_Anaerobic_-20C_D99_R3,Trubl,2021,APEX,,,,,ActiveLayer,CH4,Anaerobic,-20,99,R3,0.00119,Wet,1.20E-05,Raw,90
Trubl_2021_APEX_CH4_Anaerobic_-1C_D140_R1,Trubl,2021,APEX,,,,,ActiveLayer,CH4,Anaerobic,-1,140,R1,0.0519,Wet,0.000370714,Raw,91
Trubl_2021_APEX_CH4_Anaerobic_-1C_D140_R2,Trubl,2021,APEX,,,,,ActiveLayer,CH4,Anaerobic,-1,140,R2,0.02362,Wet,0.000168714,Raw,92
Trubl_2021_APEX_CH4_Anaerobic_-1C_D140_R3,Trubl,2021,APEX,,,,,ActiveLayer,CH4,Anaerobic,-1,140,R3,0.08615,Wet,0.000615357,Raw,93
Trubl_2021_APEX_CH4_Anaerobic_-20C_D140_R1,Trubl,2021,APEX,,,,,ActiveLayer,CH4,Anaerobic,-20,140,R1,0.00097,Wet,6.93E-06,Raw,94
Trubl_2021_APEX_CH4_Anaerobic_-20C_D140_R2,Trubl,2021,APEX,,,,,ActiveLayer,CH4,Anaerobic,-20,140,R2,0,Wet,0,Raw,95
Trubl_2021_APEX_CH4_Anaerobic_-20C_D140_R3,Trubl,2021,APEX,,,,,ActiveLayer,CH4,Anaerobic,-20,140,R3,0.00131,Wet,9.36E-06,Raw,96
Trubl_2021_APEX_CH4_Anaerobic_-1C_D163_R1,Trubl,2021,APEX,,,,,ActiveLayer,CH4,Anaerobic,-1,163,R1,0.05554,Wet,0.000340736,Raw,97
Trubl_2021_APEX_CH4_Anaerobic_-1C_D163_R2,Trubl,2021,APEX,,,,,ActiveLayer,CH4,Anaerobic,-1,163,R2,0.02246,Wet,0.000137791,Raw,98
Trubl_2021_APEX_CH4_Anaerobic_-1C_D163_R3,Trubl,2021,APEX,,,,,ActiveLayer,CH4,Anaerobic,-1,163,R3,0.09578,Wet,0.000587607,Raw,99
Trubl_2021_APEX_CH4_Anaerobic_-20C_D163_R1,Trubl,2021,APEX,,,,,ActiveLayer,CH4,Anaerobic,-20,163,R1,0.00078,Wet,4.79E-06,Raw,100
Trubl_2021_APEX_CH4_Anaerobic_-20C_D163_R2,Trubl,2021,APEX,,,,,ActiveLayer,CH4,Anaerobic,-20,163,R2,-0.00028,Wet,-1.72E-06,Raw,101
Trubl_2021_APEX_CH4_Anaerobic_-20C_D163_R3,Trubl,2021,APEX,,,,,ActiveLayer,CH4,Anaerobic,-20,163,R3,0.00088,Wet,5.40E-06,Raw,102
Trubl_2021_APEX_CH4_Anaerobic_-1C_D184_R1,Trubl,2021,APEX,,,,,ActiveLayer,CH4,Anaerobic,-1,184,R1,0.05167,Wet,0.000280815,Raw,103
Trubl_2021_APEX_CH4_Anaerobic_-1C_D184_R2,Trubl,2021,APEX,,,,,ActiveLayer,CH4,Anaerobic,-1,184,R2,0.02083,Wet,0.000113207,Raw,104
Trubl_2021_APEX_CH4_Anaerobic_-1C_D184_R3,Trubl,2021,APEX,,,,,ActiveLayer,CH4,Anaerobic,-1,184,R3,0.10908,Wet,0.000592826,Raw,105
Trubl_2021_APEX_CH4_Anaerobic_-20C_D184_R1,Trubl,2021,APEX,,,,,ActiveLayer,CH4,Anaerobic,-20,184,R1,0.00186,Wet,1.01E-05,Raw,106
Trubl_2021_APEX_CH4_Anaerobic_-20C_D184_R2,Trubl,2021,APEX,,,,,ActiveLayer,CH4,Anaerobic,-20,184,R2,-0.00181,Wet,-9.84E-06,Raw,107
Trubl_2021_APEX_CH4_Anaerobic_-20C_D184_R3,Trubl,2021,APEX,,,,,ActiveLayer,CH4,Anaerobic,-20,184,R3,-0.00041,Wet,-2.23E-06,Raw,108
Trubl_2021_APEX_CH4_Anaerobic_-1C_D307_R1,Trubl,2021,APEX,,,,,ActiveLayer,CH4,Anaerobic,-1,307,R1,0.09102,Wet,0.000296482,Raw,109
Trubl_2021_APEX_CH4_Anaerobic_-1C_D307_R2,Trubl,2021,APEX,,,,,ActiveLayer,CH4,Anaerobic,-1,307,R2,0.02317,Wet,7.55E-05,Raw,110
Trubl_2021_APEX_CH4_Anaerobic_-1C_D307_R3,Trubl,2021,APEX,,,,,ActiveLayer,CH4,Anaerobic,-1,307,R3,0.11486,Wet,0.000374137,Raw,111
Trubl_2021_APEX_CH4_Anaerobic_-20C_D307_R1,Trubl,2021,APEX,,,,,ActiveLayer,CH4,Anaerobic,-20,307,R1,0.00099,Wet,3.22E-06,Raw,112
Trubl_2021_APEX_CH4_Anaerobic_-20C_D307_R2,Trubl,2021,APEX,,,,,ActiveLayer,CH4,Anaerobic,-20,307,R2,0,Wet,0,Raw,113
Trubl_2021_APEX_CH4_Anaerobic_-20C_D307_R3,Trubl,2021,APEX,,,,,ActiveLayer,CH4,Anaerobic,-20,307,R3,0.00116,Wet,3.78E-06,Raw,114
Trubl_2021_APEX_CH4_Anaerobic_-1C_D370_R1,Trubl,2021,APEX,,,,,ActiveLayer,CH4,Anaerobic,-1,370,R1,0.08869,Wet,0.000239703,Raw,115
Trubl_2021_APEX_CH4_Anaerobic_-1C_D370_R2,Trubl,2021,APEX,,,,,ActiveLayer,CH4,Anaerobic,-1,370,R2,0.03126,Wet,8.45E-05,Raw,116
Trubl_2021_APEX_CH4_Anaerobic_-1C_D370_R3,Trubl,2021,APEX,,,,,ActiveLayer,CH4,Anaerobic,-1,370,R3,0.11158,Wet,0.000301568,Raw,117
Trubl_2021_APEX_CH4_Anaerobic_-20C_D370_R1,Trubl,2021,APEX,,,,,ActiveLayer,CH4,Anaerobic,-20,370,R1,0.00318,Wet,8.59E-06,Raw,118
Trubl_2021_APEX_CH4_Anaerobic_-20C_D370_R2,Trubl,2021,APEX,,,,,ActiveLayer,CH4,Anaerobic,-20,370,R2,0.00058,Wet,1.57E-06,Raw,119
Trubl_2021_APEX_CH4_Anaerobic_-20C_D370_R3,Trubl,2021,APEX,,,,,ActiveLayer,CH4,Anaerobic,-20,370,R3,0.00118,Wet,3.19E-06,Raw,120
Mackelprang_2011_ActiveLayer_CO2_Anaerobic_5C_D2_R1,Mackelprang,2011,ActiveLayer,,,,,ActiveLayer,CO2,Anaerobic,5,2,R1,1.660603088,Wet,0.830301544,Figure,1
Mackelprang_2011_ActiveLayer_CO2_Anaerobic_5C_D7_R1,Mackelprang,2011,ActiveLayer,,,,,ActiveLayer,CO2,Anaerobic,5,7,R1,3.083977164,Wet,0.440568166,Figure,2
Mackelprang_2011_Permafrost_CO2_Anaerobic_5C_D2_R1,Mackelprang,2011,Permafrost,,,,,Permafrost,CO2,Anaerobic,5,2,R1,0.593072531,Wet,0.296536266,Figure,3
Mackelprang_2011_Permafrost_CO2_Anaerobic_5C_D7_R1,Mackelprang,2011,Permafrost,,,,,Permafrost,CO2,Anaerobic,5,7,R1,1.13869926,Wet,0.162671323,Figure,4
Mackelprang_2011_ActiveLayer_CH4_Anaerobic_5C_D2_R1,Mackelprang,2011,ActiveLayer,,,,,ActiveLayer,CH4,Anaerobic,5,2,R1,0.035584352,Wet,0.017792176,Figure,5
Mackelprang_2011_ActiveLayer_CH4_Anaerobic_5C_D7_R1,Mackelprang,2011,ActiveLayer,,,,,ActiveLayer,CH4,Anaerobic,5,7,R1,0.023722901,Wet,0.003388986,Figure,6
Mackelprang_2011_Permafrost_CH4_Anaerobic_5C_D2_R1,Mackelprang,2011,Permafrost,,,,,Permafrost,CH4,Anaerobic,5,2,R1,0.355843519,Wet,0.177921759,Figure,7
Mackelprang_2011_Permafrost_CH4_Anaerobic_5C_D7_R1,Mackelprang,2011,Permafrost,,,,,Permafrost,CH4,Anaerobic,5,7,R1,0.118614506,Wet,0.016944929,Figure,8
Barbato_2022_P1_CO2_Anaerobic_-3C_D4_R1,Barbato,2022,P1,,,,,Permafrost,CO2,Anaerobic,-3,4,R1,0.0035,Wet,0.000875,Figure,1
Barbato_2022_P2_CO2_Anaerobic_-3C_D4_R1,Barbato,2022,P2,,,,,Permafrost,CO2,Anaerobic,-3,4,R1,0.008,Wet,0.002,Figure,2
Barbato_2022_P3_CO2_Anaerobic_-3C_D4_R1,Barbato,2022,P3,,,,,Permafrost,CO2,Anaerobic,-3,4,R1,0.006,Wet,0.0015,Figure,3
Barbato_2022_P4_CO2_Anaerobic_-3C_D4_R1,Barbato,2022,P4,,,,,Permafrost,CO2,Anaerobic,-3,4,R1,0.003,Wet,0.00075,Figure,4
Barbato_2022_P5_CO2_Anaerobic_-3C_D4_R1,Barbato,2022,P5,,,,,Permafrost,CO2,Anaerobic,-3,4,R1,0.0045,Wet,0.001125,Figure,5
Barbato_2022_P1_CO2_Anaerobic_0C_D9_R1,Barbato,2022,P1,,,,,Permafrost,CO2,Anaerobic,0,9,R1,0.0045,Wet,0.0005,Figure,6
Barbato_2022_P2_CO2_Anaerobic_0C_D9_R1,Barbato,2022,P2,,,,,Permafrost,CO2,Anaerobic,0,9,R1,0.015,Wet,0.001666667,Figure,7
Barbato_2022_P3_CO2_Anaerobic_0C_D9_R1,Barbato,2022,P3,,,,,Permafrost,CO2,Anaerobic,0,9,R1,0.013,Wet,0.001444444,Figure,8
Barbato_2022_P4_CO2_Anaerobic_0C_D9_R1,Barbato,2022,P4,,,,,Permafrost,CO2,Anaerobic,0,9,R1,0.0045,Wet,0.0005,Figure,9
Barbato_2022_P5_CO2_Anaerobic_0C_D9_R1,Barbato,2022,P5,,,,,Permafrost,CO2,Anaerobic,0,9,R1,0.008,Wet,0.000888889,Figure,10
Barbato_2022_P1_CO2_Anaerobic_3C_D13_R1,Barbato,2022,P1,,,,,Permafrost,CO2,Anaerobic,3,13,R1,0.012,Wet,0.000923077,Figure,11
Barbato_2022_P2_CO2_Anaerobic_3C_D13_R1,Barbato,2022,P2,,,,,Permafrost,CO2,Anaerobic,3,13,R1,0.025,Wet,0.001923077,Figure,12
Barbato_2022_P3_CO2_Anaerobic_3C_D13_R1,Barbato,2022,P3,,,,,Permafrost,CO2,Anaerobic,3,13,R1,0.022,Wet,0.001692308,Figure,13
Barbato_2022_P4_CO2_Anaerobic_3C_D13_R1,Barbato,2022,P4,,,,,Permafrost,CO2,Anaerobic,3,13,R1,0.007,Wet,0.000538462,Figure,14
Barbato_2022_P5_CO2_Anaerobic_3C_D13_R1,Barbato,2022,P5,,,,,Permafrost,CO2,Anaerobic,3,13,R1,0.019,Wet,0.001461538,Figure,15
Barbato_2022_P1_CO2_Anaerobic_6C_D15_R1,Barbato,2022,P1,,,,,Permafrost,CO2,Anaerobic,6,15,R1,0.018,Wet,0.0012,Figure,16
Barbato_2022_P2_CO2_Anaerobic_6C_D15_R1,Barbato,2022,P2,,,,,Permafrost,CO2,Anaerobic,6,15,R1,0.031,Wet,0.002066667,Figure,17
Barbato_2022_P3_CO2_Anaerobic_6C_D15_R1,Barbato,2022,P3,,,,,Permafrost,CO2,Anaerobic,6,15,R1,0.03,Wet,0.002,Figure,18
Barbato_2022_P4_CO2_Anaerobic_6C_D15_R1,Barbato,2022,P4,,,,,Permafrost,CO2,Anaerobic,6,15,R1,0.0105,Wet,0.0007,Figure,19
Barbato_2022_P5_CO2_Anaerobic_6C_D15_R1,Barbato,2022,P5,,,,,Permafrost,CO2,Anaerobic,6,15,R1,0.029,Wet,0.001933333,Figure,20
Dang_2022_ActiveLayer_CO2_Anaerobic_16C_D6_R1,Dang,2022,ActiveLayer,,,,,ActiveLayer,CO2,Anaerobic,16,6,R1,0.00026406,Wet,0.00004401,Figure,1
Dang_2022_ActiveLayer_CO2_Anaerobic_12C_D6_R1,Dang,2022,ActiveLayer,,,,,ActiveLayer,CO2,Anaerobic,12,6,R1,0.000171639,Wet,2.86E-05,Figure,2
Dang_2022_ActiveLayer_CO2_Anaerobic_8C_D6_R1,Dang,2022,ActiveLayer,,,,,ActiveLayer,CO2,Anaerobic,8,6,R1,0.000158436,Wet,0.000026406,Figure,3
Dang_2022_ActiveLayer_CO2_Anaerobic_4C_D6_R1,Dang,2022,ActiveLayer,,,,,ActiveLayer,CO2,Anaerobic,4,6,R1,0.000224451,Wet,3.74E-05,Figure,4
Dang_2022_ActiveLayer_CO2_Anaerobic_0C_D6_R1,Dang,2022,ActiveLayer,,,,,ActiveLayer,CO2,Anaerobic,0,6,R1,0.00013203,Wet,0.000022005,Figure,5
Dang_2022_ActiveLayer_CO2_Anaerobic_-10C_D6_R1,Dang,2022,ActiveLayer,,,,,ActiveLayer,CO2,Anaerobic,-10,6,R1,0.000039609,Wet,6.60E-06,Figure,6
Muller_2018_AL1_CO2_Anaerobic_5C_D103_R1,Muller,2018,AL1,,,,,ActiveLayer,CO2,Anaerobic,5,103,R1,0.09,Wet,0.000873786,Figure,1
Muller_2018_AL2_CO2_Anaerobic_5C_D103_R1,Muller,2018,AL2,,,,,ActiveLayer,CO2,Anaerobic,5,103,R1,0.05,Wet,0.000485437,Figure,2
Muller_2018_TZ3_CO2_Anaerobic_5C_D103_R1,Muller,2018,TZ3,,,,,TransitionZone,CO2,Anaerobic,5,103,R1,0.1,Wet,0.000970874,Figure,3
Muller_2018_PL4_CO2_Anaerobic_5C_D103_R1,Muller,2018,PL4,,,,,Permafrost,CO2,Anaerobic,5,103,R1,0.095,Wet,0.00092233,Figure,4
Muller_2018_PL5_CO2_Anaerobic_5C_D103_R1,Muller,2018,PL5,,,,,Permafrost,CO2,Anaerobic,5,103,R1,0.2,Wet,0.001941748,Figure,5
Muller_2018_AL1_CO2_Aerobic_5C_D103_R1,Muller,2018,AL1,,,,,ActiveLayer,CO2,Aerobic,5,103,R1,1.2,Wet,0.011650485,Figure,6
Muller_2018_AL2_CO2_Aerobic_5C_D103_R1,Muller,2018,AL2,,,,,ActiveLayer,CO2,Aerobic,5,103,R1,0.35,Wet,0.003398058,Figure,7
Muller_2018_TZ3_CO2_Aerobic_5C_D103_R1,Muller,2018,TZ3,,,,,TransitionZone,CO2,Aerobic,5,103,R1,0.85,Wet,0.008252427,Figure,8
Muller_2018_PL4_CO2_Aerobic_5C_D103_R1,Muller,2018,PL4,,,,,Permafrost,CO2,Aerobic,5,103,R1,0.9,Wet,0.008737864,Figure,9
Muller_2018_PL5_CO2_Aerobic_5C_D103_R1,Muller,2018,PL5,,,,,Permafrost,CO2,Aerobic,5,103,R1,0.75,Wet,0.007281553,Figure,10
Dutta_2006_Sukharnaya_CO2_Aerobic_5C_D30_R1,Dutta,2006,Sukharnaya,,,,,Permafrost,CO2,Aerobic,5,30,R1,0.05,Dry,0.001666667,Figure,1
Dutta_2006_Medvezhka_CO2_Aerobic_5C_D30_R1,Dutta,2006,Medvezhka,,,,,Permafrost,CO2,Aerobic,5,30,R1,0.21,Dry,0.007,Figure,2
Dutta_2006_DuvannylYar_CO2_Aerobic_5C_D30_R1,Dutta,2006,DuvannylYar,,,,,Permafrost,CO2,Aerobic,5,30,R1,0.06,Dry,0.002,Figure,3
Dutta_2006_ZelenylMys0.1m_CO2_Aerobic_5C_D30_R1,Dutta,2006,ZelenylMys0.1m,,,,,ActiveLayer,CO2,Aerobic,5,30,R1,0.06,Dry,0.002,Figure,4
Dutta_2006_ZelenylMys2m_CO2_Aerobic_5C_D30_R1,Dutta,2006,ZelenylMys2m,,,,,Permafrost,CO2,Aerobic,5,30,R1,0.19,Dry,0.006333333,Figure,5
Dutta_2006_ZelenylMys13m_CO2_Aerobic_5C_D30_R1,Dutta,2006,ZelenylMys13m,,,,,Permafrost,CO2,Aerobic,5,30,R1,0.07,Dry,0.002333333,Figure,6
Dutta_2006_Sukharnaya_CO2_Aerobic_10C_D30_R1,Dutta,2006,Sukharnaya,,,,,Permafrost,CO2,Aerobic,10,30,R1,0.09,Dry,0.003,Figure,7
Dutta_2006_Medvezhka_CO2_Aerobic_10C_D30_R1,Dutta,2006,Medvezhka,,,,,Permafrost,CO2,Aerobic,10,30,R1,0.22,Dry,0.007333333,Figure,8
Dutta_2006_DuvannylYar_CO2_Aerobic_10C_D30_R1,Dutta,2006,DuvannylYar,,,,,Permafrost,CO2,Aerobic,10,30,R1,0.19,Dry,0.006333333,Figure,9
Dutta_2006_ZelenylMys0.1m_CO2_Aerobic_10C_D30_R1,Dutta,2006,ZelenylMys0.1m,,,,,ActiveLayer,CO2,Aerobic,10,30,R1,0.1,Dry,0.003333333,Figure,10
Dutta_2006_ZelenylMys2m_CO2_Aerobic_10C_D30_R1,Dutta,2006,ZelenylMys2m,,,,,Permafrost,CO2,Aerobic,10,30,R1,0.2,Dry,0.006666667,Figure,11
Dutta_2006_ZelenylMys13m_CO2_Aerobic_10C_D30_R1,Dutta,2006,ZelenylMys13m,,,,,Permafrost,CO2,Aerobic,10,30,R1,0.11,Dry,0.003666667,Figure,12
Dutta_2006_Sukharnaya_CO2_Aerobic_15C_D30_R1,Dutta,2006,Sukharnaya,,,,,Permafrost,CO2,Aerobic,15,30,R1,0.1,Dry,0.003333333,Figure,13
Dutta_2006_Medvezhka_CO2_Aerobic_15C_D30_R1,Dutta,2006,Medvezhka,,,,,Permafrost,CO2,Aerobic,15,30,R1,0.48,Dry,0.016,Figure,14
Dutta_2006_DuvannylYar_CO2_Aerobic_15C_D30_R1,Dutta,2006,DuvannylYar,,,,,Permafrost,CO2,Aerobic,15,30,R1,0.1,Dry,0.003333333,Figure,15
Dutta_2006_ZelenylMys0.1m_CO2_Aerobic_15C_D30_R1,Dutta,2006,ZelenylMys0.1m,,,,,ActiveLayer,CO2,Aerobic,15,30,R1,0.11,Dry,0.003666667,Figure,16
Dutta_2006_ZelenylMys2m_CO2_Aerobic_15C_D30_R1,Dutta,2006,ZelenylMys2m,,,,,Permafrost,CO2,Aerobic,15,30,R1,0.32,Dry,0.010666667,Figure,17
Dutta_2006_ZelenylMys13m_CO2_Aerobic_15C_D30_R1,Dutta,2006,ZelenylMys13m,,,,,Permafrost,CO2,Aerobic,15,30,R1,0.2,Dry,0.006666667,Figure,18
Dutta_2006_Sukharnaya_CO2_Aerobic_5C_D60_R1,Dutta,2006,Sukharnaya,,,,,Permafrost,CO2,Aerobic,5,60,R1,0.09,Dry,0.0015,Figure,19
Dutta_2006_Medvezhka_CO2_Aerobic_5C_D60_R1,Dutta,2006,Medvezhka,,,,,Permafrost,CO2,Aerobic,5,60,R1,0.39,Dry,0.0065,Figure,20
Dutta_2006_DuvannylYar_CO2_Aerobic_5C_D60_R1,Dutta,2006,DuvannylYar,,,,,Permafrost,CO2,Aerobic,5,60,R1,0.1,Dry,0.001666667,Figure,21
Dutta_2006_ZelenylMys0.1m_CO2_Aerobic_5C_D60_R1,Dutta,2006,ZelenylMys0.1m,,,,,ActiveLayer,CO2,Aerobic,5,60,R1,0.1,Dry,0.001666667,Figure,22
Dutta_2006_ZelenylMys2m_CO2_Aerobic_5C_D60_R1,Dutta,2006,ZelenylMys2m,,,,,Permafrost,CO2,Aerobic,5,60,R1,0.2,Dry,0.003333333,Figure,23
Dutta_2006_ZelenylMys13m_CO2_Aerobic_5C_D60_R1,Dutta,2006,ZelenylMys13m,,,,,Permafrost,CO2,Aerobic,5,60,R1,0.1,Dry,0.001666667,Figure,24
Dutta_2006_Sukharnaya_CO2_Aerobic_10C_D60_R1,Dutta,2006,Sukharnaya,,,,,Permafrost,CO2,Aerobic,10,60,R1,0.1,Dry,0.001666667,Figure,25
Dutta_2006_Medvezhka_CO2_Aerobic_10C_D60_R1,Dutta,2006,Medvezhka,,,,,Permafrost,CO2,Aerobic,10,60,R1,0.35,Dry,0.005833333,Figure,26
Dutta_2006_DuvannylYar_CO2_Aerobic_10C_D60_R1,Dutta,2006,DuvannylYar,,,,,Permafrost,CO2,Aerobic,10,60,R1,0.25,Dry,0.004166667,Figure,27
Dutta_2006_ZelenylMys0.1m_CO2_Aerobic_10C_D60_R1,Dutta,2006,ZelenylMys0.1m,,,,,ActiveLayer,CO2,Aerobic,10,60,R1,0.15,Dry,0.0025,Figure,28
Dutta_2006_ZelenylMys2m_CO2_Aerobic_10C_D60_R1,Dutta,2006,ZelenylMys2m,,,,,Permafrost,CO2,Aerobic,10,60,R1,0.25,Dry,0.004166667,Figure,29
Dutta_2006_ZelenylMys13m_CO2_Aerobic_10C_D60_R1,Dutta,2006,ZelenylMys13m,,,,,Permafrost,CO2,Aerobic,10,60,R1,0.11,Dry,0.001833333,Figure,30
Dutta_2006_Sukharnaya_CO2_Aerobic_15C_D60_R1,Dutta,2006,Sukharnaya,,,,,Permafrost,CO2,Aerobic,15,60,R1,0.11,Dry,0.001833333,Figure,31
Dutta_2006_Medvezhka_CO2_Aerobic_15C_D60_R1,Dutta,2006,Medvezhka,,,,,Permafrost,CO2,Aerobic,15,60,R1,0.65,Dry,0.010833333,Figure,32
Dutta_2006_DuvannylYar_CO2_Aerobic_15C_D60_R1,Dutta,2006,DuvannylYar,,,,,Permafrost,CO2,Aerobic,15,60,R1,0.15,Dry,0.0025,Figure,33
Dutta_2006_ZelenylMys0.1m_CO2_Aerobic_15C_D60_R1,Dutta,2006,ZelenylMys0.1m,,,,,ActiveLayer,CO2,Aerobic,15,60,R1,0.2,Dry,0.003333333,Figure,34
Dutta_2006_ZelenylMys2m_CO2_Aerobic_15C_D60_R1,Dutta,2006,ZelenylMys2m,,,,,Permafrost,CO2,Aerobic,15,60,R1,0.4,Dry,0.006666667,Figure,35
Dutta_2006_ZelenylMys13m_CO2_Aerobic_15C_D60_R1,Dutta,2006,ZelenylMys13m,,,,,Permafrost,CO2,Aerobic,15,60,R1,0.25,Dry,0.004166667,Figure,36
Dutta_2006_Sukharnaya_CO2_Aerobic_5C_D90_R1,Dutta,2006,Sukharnaya,,,,,Permafrost,CO2,Aerobic,5,90,R1,0.9,Dry,0.01,Figure,37
Dutta_2006_Medvezhka_CO2_Aerobic_5C_D90_R1,Dutta,2006,Medvezhka,,,,,Permafrost,CO2,Aerobic,5,90,R1,0.41,Dry,0.004555556,Figure,38
Dutta_2006_DuvannylYar_CO2_Aerobic_5C_D90_R1,Dutta,2006,DuvannylYar,,,,,Permafrost,CO2,Aerobic,5,90,R1,0.12,Dry,0.001333333,Figure,39
Dutta_2006_ZelenylMys0.1m_CO2_Aerobic_5C_D90_R1,Dutta,2006,ZelenylMys0.1m,,,,,ActiveLayer,CO2,Aerobic,5,90,R1,0.12,Dry,0.001333333,Figure,40
Dutta_2006_ZelenylMys2m_CO2_Aerobic_5C_D90_R1,Dutta,2006,ZelenylMys2m,,,,,Permafrost,CO2,Aerobic,5,90,R1,0.21,Dry,0.002333333,Figure,41
Dutta_2006_ZelenylMys13m_CO2_Aerobic_5C_D90_R1,Dutta,2006,ZelenylMys13m,,,,,Permafrost,CO2,Aerobic,5,90,R1,0.12,Dry,0.001333333,Figure,42
Dutta_2006_Sukharnaya_CO2_Aerobic_10C_D90_R1,Dutta,2006,Sukharnaya,,,,,Permafrost,CO2,Aerobic,10,90,R1,0.15,Dry,0.001666667,Figure,43
Dutta_2006_Medvezhka_CO2_Aerobic_10C_D90_R1,Dutta,2006,Medvezhka,,,,,Permafrost,CO2,Aerobic,10,90,R1,0.42,Dry,0.004666667,Figure,44
Dutta_2006_DuvannylYar_CO2_Aerobic_10C_D90_R1,Dutta,2006,DuvannylYar,,,,,Permafrost,CO2,Aerobic,10,90,R1,0.3,Dry,0.003333333,Figure,45
Dutta_2006_ZelenylMys0.1m_CO2_Aerobic_10C_D90_R1,Dutta,2006,ZelenylMys0.1m,,,,,ActiveLayer,CO2,Aerobic,10,90,R1,0.15,Dry,0.001666667,Figure,46
Dutta_2006_ZelenylMys2m_CO2_Aerobic_10C_D90_R1,Dutta,2006,ZelenylMys2m,,,,,Permafrost,CO2,Aerobic,10,90,R1,0.3,Dry,0.003333333,Figure,47
Dutta_2006_ZelenylMys13m_CO2_Aerobic_10C_D90_R1,Dutta,2006,ZelenylMys13m,,,,,Permafrost,CO2,Aerobic,10,90,R1,0.15,Dry,0.001666667,Figure,48
Dutta_2006_Sukharnaya_CO2_Aerobic_15C_D90_R1,Dutta,2006,Sukharnaya,,,,,Permafrost,CO2,Aerobic,15,90,R1,0.15,Dry,0.001666667,Figure,49
Dutta_2006_Medvezhka_CO2_Aerobic_15C_D90_R1,Dutta,2006,Medvezhka,,,,,Permafrost,CO2,Aerobic,15,90,R1,0.7,Dry,0.007777778,Figure,50
Dutta_2006_DuvannylYar_CO2_Aerobic_15C_D90_R1,Dutta,2006,DuvannylYar,,,,,Permafrost,CO2,Aerobic,15,90,R1,0.2,Dry,0.002222222,Figure,51
Dutta_2006_ZelenylMys0.1m_CO2_Aerobic_15C_D90_R1,Dutta,2006,ZelenylMys0.1m,,,,,ActiveLayer,CO2,Aerobic,15,90,R1,0.25,Dry,0.002777778,Figure,52
Dutta_2006_ZelenylMys2m_CO2_Aerobic_15C_D90_R1,Dutta,2006,ZelenylMys2m,,,,,Permafrost,CO2,Aerobic,15,90,R1,0.48,Dry,0.005333333,Figure,53
Dutta_2006_ZelenylMys13m_CO2_Aerobic_15C_D90_R1,Dutta,2006,ZelenylMys13m,,,,,Permafrost,CO2,Aerobic,15,90,R1,0.3,Dry,0.003333333,Figure,54
ODonnell_2009_Upland_Unburned_CO2_Aerobic_2C_D56_R1,ODonnell,2009,Upland_Unburned,,FeatherMoss,,,ActiveLayer,CO2,Aerobic,2,56,R1,8.4,Dry,0.15,Figure,1
ODonnell_2009_Upland_Unburned_CO2_Aerobic_20C_D56_R1,ODonnell,2009,Upland_Unburned,,FeatherMoss,,,ActiveLayer,CO2,Aerobic,20,56,R1,42,Dry,0.75,Figure,2
ODonnell_2009_Upland_Burned_CO2_Aerobic_2C_D56_R1,ODonnell,2009,Upland_Burned,,FeatherMoss,,,ActiveLayer,CO2,Aerobic,2,56,R1,28.56,Dry,0.51,Figure,3
ODonnell_2009_Upland_Burned_CO2_Aerobic_20C_D56_R1,ODonnell,2009,Upland_Burned,,FeatherMoss,,,ActiveLayer,CO2,Aerobic,20,56,R1,50.4,Dry,0.9,Figure,4
ODonnell_2009_Peatland_Unburned_CO2_Aerobic_2C_D56_R1,ODonnell,2009,Peatland_Unburned,,Sphagnum,,,ActiveLayer,CO2,Aerobic,2,56,R1,11.76,Dry,0.21,Figure,5
ODonnell_2009_Peatland_Unburned_CO2_Aerobic_20C_D56_R1,ODonnell,2009,Peatland_Unburned,,Sphagnum,,,ActiveLayer,CO2,Aerobic,20,56,R1,45.36,Dry,0.81,Figure,6
ODonnell_2009_Peatland_Burned_CO2_Aerobic_2C_D56_R1,ODonnell,2009,Peatland_Burned,,Sphagnum,,,ActiveLayer,CO2,Aerobic,2,56,R1,16.8,Dry,0.3,Figure,7
ODonnell_2009_Peatland_Burned_CO2_Aerobic_20C_D56_R1,ODonnell,2009,Peatland_Burned,,Sphagnum,,,ActiveLayer,CO2,Aerobic,20,56,R1,44.8,Dry,0.8,Figure,8
Waldrop_2010_HessCreek_CO2_Aerobic_5C_D8_R1,Waldrop,2010,HessCreek,,BlackSpruce,,,ActiveLayer,CO2,Aerobic,5,8,R1,6,Wet,0.75,Figure,1
Waldrop_2010_HessCreek_CO2_Aerobic_5C_D8_R2,Waldrop,2010,HessCreek,,BlackSpruce,,,Permafrost,CO2,Aerobic,5,8,R2,5,Wet,0.625,Figure,2
Waldrop_2010_SmithLake_CO2_Aerobic_5C_D8_R1,Waldrop,2010,SmithLake,,BlackSpruce,,,ActiveLayer,CO2,Aerobic,5,8,R1,7,Wet,0.875,Figure,3
Waldrop_2010_SmithLake_CO2_Aerobic_5C_D8_R2,Waldrop,2010,SmithLake,,BlackSpruce,,,Permafrost,CO2,Aerobic,5,8,R2,75,Wet,9.375,Figure,4
Waldrop_2010_Coldfoot_CO2_Aerobic_5C_D8_R1,Waldrop,2010,Coldfoot,,BlackSpruce,,,ActiveLayer,CO2,Aerobic,5,8,R1,7,Wet,0.875,Figure,5
Waldrop_2010_Coldfoot_CO2_Aerobic_5C_D8_R2,Waldrop,2010,Coldfoot,,BlackSpruce,,,Permafrost,CO2,Aerobic,5,8,R2,29,Wet,3.625,Figure,6
Waldrop_2010_HessCreek_CO2_Aerobic_5C_D37_R1,Waldrop,2010,HessCreek,,BlackSpruce,,,ActiveLayer,CO2,Aerobic,5,37,R1,17,Wet,0.459459459,Figure,7
Waldrop_2010_HessCreek_CO2_Aerobic_5C_D37_R2,Waldrop,2010,HessCreek,,BlackSpruce,,,Permafrost,CO2,Aerobic,5,37,R2,16,Wet,0.432432432,Figure,8
Waldrop_2010_SmithLake_CO2_Aerobic_5C_D37_R1,Waldrop,2010,SmithLake,,BlackSpruce,,,ActiveLayer,CO2,Aerobic,5,37,R1,20,Wet,0.540540541,Figure,9
Waldrop_2010_SmithLake_CO2_Aerobic_5C_D37_R2,Waldrop,2010,SmithLake,,BlackSpruce,,,Permafrost,CO2,Aerobic,5,37,R2,84,Wet,2.27027027,Figure,10
Waldrop_2010_Coldfoot_CO2_Aerobic_5C_D37_R1,Waldrop,2010,Coldfoot,,BlackSpruce,,,ActiveLayer,CO2,Aerobic,5,37,R1,20.5,Wet,0.554054054,Figure,11
Waldrop_2010_Coldfoot_CO2_Aerobic_5C_D37_R2,Waldrop,2010,Coldfoot,,BlackSpruce,,,Permafrost,CO2,Aerobic,5,37,R2,45,Wet,1.216216216,Figure,12
Waldrop_2010_HessCreek_CH4_Anaerobic_5C_D30_R1,Waldrop,2010,HessCreek,,BlackSpruce,,,ActiveLayer,CH4,Anaerobic,5,30,R1,0.11,Wet,0.003666667,Figure,13
Waldrop_2010_HessCreek_CH4_Anaerobic_5C_D30_R2,Waldrop,2010,HessCreek,,BlackSpruce,,,Permafrost,CH4,Anaerobic,5,30,R2,0.009,Wet,0.0003,Figure,14
Waldrop_2010_SmithLake_CH4_Anaerobic_5C_D30_R1,Waldrop,2010,SmithLake,,BlackSpruce,,,ActiveLayer,CH4,Anaerobic,5,30,R1,0.008,Wet,0.000266667,Figure,15
Waldrop_2010_SmithLake_CH4_Anaerobic_5C_D30_R2,Waldrop,2010,SmithLake,,BlackSpruce,,,Permafrost,CH4,Anaerobic,5,30,R2,0.004,Wet,0.000133333,Figure,16
Waldrop_2010_Coldfoot_CH4_Anaerobic_5C_D30_R1,Waldrop,2010,Coldfoot,,BlackSpruce,,,ActiveLayer,CH4,Anaerobic,5,30,R1,0.002,Wet,6.67E-05,Figure,17
Waldrop_2010_Coldfoot_CH4_Anaerobic_5C_D30_R2,Waldrop,2010,Coldfoot,,BlackSpruce,,,Permafrost,CH4,Anaerobic,5,30,R2,0.008,Wet,0.000266667,Figure,18